Source File	Size	loadResources	load	generateSnapshots	load-configure	scan	loadDepInfo	loadInfo	checkR4R4B	generateNarratives	validate	loadLists	checkConformanceResources	checkConformanceResources2	checkConformanceResources3	generateLogicalMaps	validateExpressions	scanForUsageStats	checkURLsUnique	processProvenanceDetails	generate1	generate2	generateLogicals	makeDependencies	generateExampleZip	generateValidationPack	scanProfilesForR5	scanExamplesForR5
/fsh-generated/resources/ImplementationGuide-ch.fhir.ig.ch-elm.json	102967	-	0	0	0	0	0	0	11	483	0	0	0	0	0	0	0	3	0	0	305	385	0	0	0	18	0	2
fsh-generated/resources/Bundle-1Doc-NeisseriaGonorrhoeae.json	10089	8	32	0	0	0	0	0	0	1	0	0	0	0	0	0	0	0	0	0	24	64	0	0	0	0	0	0
fsh-generated/resources/Bundle-1bDoc-NeisseriaGonorrhoeae.json	10416	7	4	0	0	0	0	0	1	0	0	0	0	0	0	0	0	0	0	0	25	52	0	0	0	0	0	0
fsh-generated/resources/Bundle-1cDoc-NeisseriaGonorrhoeae.json	8498	7	5	0	1	0	0	0	1	0	0	0	0	0	0	0	0	0	0	0	20	46	0	0	0	0	0	1
fsh-generated/resources/Bundle-2Doc-ChlamydiaTrachomatis-Vct.json	11539	4	6	0	0	0	0	0	1	0	0	0	0	0	0	0	0	0	0	0	22	42	0	0	0	0	0	0
fsh-generated/resources/Bundle-2Doc-ChlamydiaTrachomatis.json	11014	4	5	0	0	0	0	0	1	0	0	0	0	0	0	0	0	1	0	0	24	49	0	0	0	0	0	0
fsh-generated/resources/Bundle-4Doc-Campylobacter.json	10044	5	4	0	0	0	0	0	0	0	0	0	0	0	0	0	0	0	0	0	21	49	0	0	0	0	0	0
fsh-generated/resources/Bundle-5Doc-TreponemaPallidum.json	9991	4	6	0	0	0	0	0	1	0	0	0	0	0	0	0	0	0	0	0	20	40	0	0	0	0	0	0
fsh-generated/resources/Bundle-61Doc-Tb-Susceptibility.json	11496	4	5	0	0	0	0	0	1	0	0	0	0	0	0	0	0	0	0	0	23	370	0	0	0	0	0	0
fsh-generated/resources/Bundle-63Doc-Tb-Genotyping.json	10776	4	5	0	0	0	0	0	1	0	0	0	0	0	0	0	0	0	0	0	22	39	0	0	0	0	0	0
fsh-generated/resources/Bundle-6Doc-Influenza.json	9560	4	4	0	0	0	0	0	0	0	0	0	0	0	0	0	0	0	0	0	20	36	0	0	0	0	0	0
fsh-generated/resources/Bundle-7Doc-SARSCoV2.json	10430	6	3	0	1	0	0	0	1	0	0	0	0	0	0	0	0	0	0	0	21	37	0	0	0	0	0	0
fsh-generated/resources/Bundle-ex-findDocumentReferencesResponse.json	1982	3	10	0	0	0	0	0	0	0	0	0	0	0	0	0	0	0	0	0	12	18	0	0	0	0	0	0
fsh-generated/resources/Composition-1Comp-NeisseriaGonorrhoeae.json	1210	3	0	0	0	0	0	0	0	0	0	0	0	0	0	0	0	0	0	0	12	15	0	0	0	0	0	0
fsh-generated/resources/Composition-1bComp-NeisseriaGonorrhoeae.json	1183	4	0	0	0	0	0	0	0	0	0	0	0	0	0	0	0	0	0	0	13	15	0	0	0	0	0	0
fsh-generated/resources/DiagnosticReport-1DR-NeisseriaGonorrhoeae.json	1001	3	0	0	0	0	0	0	0	0	0	0	0	0	0	0	0	0	0	0	11	18	0	0	0	0	0	0
fsh-generated/resources/DiagnosticReport-1bDR-NeisseriaGonorrhoeae.json	1007	3	0	0	0	0	0	0	1	0	0	0	0	0	0	0	0	0	0	0	12	17	0	0	0	0	0	0
fsh-generated/resources/DiagnosticReport-1cDR-NeisseriaGonorrhoeae.json	1003	3	0	0	0	0	0	0	0	0	0	0	0	0	0	0	0	0	0	0	13	18	0	0	0	0	0	0
fsh-generated/resources/DocumentReference-1-DocumentReferenceResponseCompleted.json	729	6	0	0	0	0	0	0	0	0	0	0	0	0	0	0	0	0	0	0	11	15	0	0	0	0	0	0
fsh-generated/resources/DocumentReference-1-DocumentReferenceResponseFailed.json	1173	6	0	0	1	0	0	0	0	0	0	0	0	0	0	0	0	0	0	0	12	19	0	0	0	0	0	0
fsh-generated/resources/DocumentReference-1-DocumentReferenceResponseInProgress.json	733	3	0	0	0	0	0	0	0	0	0	0	0	0	0	0	0	0	0	0	14	15	0	0	0	0	0	0
fsh-generated/resources/DocumentReference-1-DocumentReferenceStrict.json	12011	4	0	0	0	0	0	0	1	0	0	0	0	0	0	0	0	0	0	0	26	283	0	0	0	0	0	0
fsh-generated/resources/DocumentReference-1c-DocumentReferenceStrict.json	10194	4	0	0	0	0	0	0	1	0	0	0	0	0	0	0	0	0	0	0	24	31	0	0	0	0	0	0
fsh-generated/resources/DocumentReference-2-DocumentReference.json	12982	4	0	0	0	0	0	0	0	0	0	0	0	0	0	0	0	0	0	0	29	43	0	0	0	0	0	0
fsh-generated/resources/DocumentReference-2-DocumentReferenceStrict.json	12988	4	0	0	0	0	0	0	1	0	0	0	0	0	0	0	0	0	0	0	26	38	0	0	0	0	0	0
fsh-generated/resources/DocumentReference-2-DocumentReferenceVctStrict.json	13576	4	0	0	0	0	0	0	1	0	0	0	0	0	0	0	0	1	0	0	29	40	0	0	0	0	0	0
fsh-generated/resources/DocumentReference-Publish-1Doc-NeisseriaGonorrhoeae.json	12019	5	0	0	0	0	0	0	1	0	0	0	0	0	0	0	0	0	0	0	27	37	0	0	0	0	0	0
fsh-generated/resources/DocumentReference-Publish-2Doc-ChlamydiaTrachomatis-Vct.json	13585	4	0	0	0	0	0	0	1	0	0	0	0	0	0	0	0	0	0	0	27	39	0	0	0	0	0	0
fsh-generated/resources/DocumentReference-Publish-4Doc-Campylobacter.json	11959	3	0	0	0	0	0	0	1	0	0	0	0	0	0	0	0	0	0	0	26	38	0	0	0	0	0	0
fsh-generated/resources/DocumentReference-Publish-5Doc-TreponemaPallidum.json	11915	4	0	0	1	0	0	0	1	0	0	0	0	0	0	0	0	0	0	0	26	38	0	0	0	0	0	0
fsh-generated/resources/DocumentReference-Publish-6Doc-Influenza.json	11412	4	0	0	0	0	0	0	0	0	0	0	0	0	0	0	0	0	0	0	23	38	0	0	0	0	0	1
fsh-generated/resources/DocumentReference-Publish-7Doc-SARSCoV2.json	12392	4	0	0	0	0	0	0	1	0	0	0	0	0	0	0	0	0	0	0	27	38	0	0	0	0	0	0
fsh-generated/resources/NamingSystem-IDN.json	544	3	10	0	0	0	0	0	0	8	1501	0	0	0	0	0	0	0	0	0	19	15	0	0	0	0	0	0
fsh-generated/resources/Observation-1Obs-NeisseriaGonorrhoeae.json	1188	3	0	0	0	0	0	0	0	0	0	0	0	0	0	0	0	0	0	0	15	18	0	0	0	0	0	0
fsh-generated/resources/Observation-1bObs-NeisseriaGonorrhoeae.json	1191	3	0	0	0	0	0	0	1	0	0	0	0	0	0	0	0	0	0	0	14	17	0	0	0	0	0	0
fsh-generated/resources/Organization-1Org-KsAbc.json	1023	3	0	0	0	0	0	0	0	0	0	0	0	0	0	0	0	0	0	0	15	13	0	0	0	0	0	0
fsh-generated/resources/Organization-1Org-Labor.json	181	3	0	0	0	0	0	0	0	0	0	0	0	0	0	0	0	0	0	0	12	14	0	0	0	0	0	0
fsh-generated/resources/Organization-1bOrg-Broker.json	163	3	0	0	0	0	0	0	0	0	0	0	0	0	0	0	0	0	0	0	11	12	0	0	0	0	0	0
fsh-generated/resources/Organization-1bOrg-Labor.json	184	3	0	0	0	0	0	0	0	0	0	0	0	0	0	0	0	0	0	0	10	13	0	0	0	0	0	0
fsh-generated/resources/Organization-Org-JeanneMoreau.json	899	3	0	0	0	0	0	0	0	0	0	0	0	0	0	0	0	0	0	0	11	13	0	0	0	0	0	0
fsh-generated/resources/Organization-Org-PeterHauser.json	732	3	0	0	0	0	0	0	0	0	0	0	0	0	0	0	0	0	0	0	11	13	0	0	0	0	0	0
fsh-generated/resources/Organization-Organization-OrdererWithBERUIDB.json	832	3	0	0	0	0	0	0	0	0	0	0	0	0	0	0	0	0	0	0	12	12	0	0	0	0	0	0
fsh-generated/resources/Patient-Pat-001.json	725	2	0	0	1	0	0	0	0	0	0	0	0	0	0	0	0	0	0	0	11	11	0	0	0	0	0	0
fsh-generated/resources/Patient-Pat-003.json	1298	4	0	0	0	0	0	0	0	0	0	0	0	0	0	0	0	0	0	0	13	13	0	0	0	0	0	0
fsh-generated/resources/Patient-Pat-004.json	1262	3	0	0	0	0	0	0	0	0	0	0	0	0	0	0	0	0	0	0	12	11	0	0	0	0	0	0
fsh-generated/resources/Patient-Pat-005.json	725	3	0	0	0	0	0	0	0	0	0	0	0	0	0	0	0	0	0	0	11	11	0	0	0	0	0	0
fsh-generated/resources/Patient-Pat-006.json	1191	3	0	0	0	0	0	0	0	0	0	0	0	0	0	0	0	0	0	0	11	11	0	0	0	0	0	0
fsh-generated/resources/Patient-Pat-007.json	706	3	0	0	0	0	0	0	0	0	0	0	0	0	0	0	0	0	0	0	13	10	0	0	0	0	0	0
fsh-generated/resources/Patient-Pat-VCT.json	1162	3	0	0	0	0	0	0	1	0	0	0	0	0	0	0	0	0	0	0	12	11	0	0	0	0	0	0
fsh-generated/resources/Practitioner-1Pract-KsAbc.json	528	3	0	0	0	0	0	0	0	0	0	0	0	0	0	0	0	0	0	0	10	11	0	0	0	0	0	0
fsh-generated/resources/Practitioner-1cPract-KsAbc.json	433	3	0	0	0	0	0	0	0	0	0	0	0	0	0	0	0	0	0	0	14	10	0	0	1	0	0	0
fsh-generated/resources/Practitioner-Pract-JeanneMoreau.json	428	3	0	0	0	0	0	0	0	0	0	0	0	0	0	0	0	0	0	0	12	11	0	0	0	0	0	0
fsh-generated/resources/Practitioner-Pract-PeterHauser.json	439	3	0	0	0	0	0	0	0	0	0	0	0	0	0	0	0	0	0	0	13	11	0	0	0	0	0	0
fsh-generated/resources/PractitionerRole-1PR-KsAbc.json	200	3	0	0	0	0	0	0	0	0	0	0	0	0	0	0	0	0	0	0	11	12	0	0	0	0	0	0
fsh-generated/resources/PractitionerRole-1cPR-KsAbc.json	134	3	0	0	0	0	0	0	0	0	0	0	0	0	0	0	0	0	0	0	11	11	0	0	0	0	0	0
fsh-generated/resources/PractitionerRole-PR-JeanneMoreau.json	218	3	0	0	1	0	0	0	0	0	0	0	0	0	0	0	0	0	0	0	11	11	0	0	0	0	0	0
fsh-generated/resources/PractitionerRole-PR-PeterHauser.json	215	3	0	0	0	0	0	0	0	0	0	0	0	0	0	0	0	0	0	0	11	11	0	0	0	0	0	0
fsh-generated/resources/SearchParameter-SearchParameter-ch-elm-status.json	568	3	0	0	0	0	0	0	0	7	0	0	0	0	0	0	0	0	0	0	14	11	0	0	0	0	0	1
fsh-generated/resources/ServiceRequest-1SR-Order.json	583	4	0	0	0	0	0	0	0	0	0	0	0	0	0	0	0	0	0	0	13	13	0	0	0	0	0	0
fsh-generated/resources/ServiceRequest-1bSR-Order.json	585	4	0	0	0	0	0	0	0	0	0	0	0	0	0	0	0	0	0	0	11	12	0	0	0	0	0	0
fsh-generated/resources/ServiceRequest-1cSR-Order.json	585	3	0	0	0	0	0	0	0	0	0	0	0	0	0	0	0	0	0	0	12	12	0	0	0	0	0	0
fsh-generated/resources/Specimen-1Spec-Specimen.json	175	3	0	0	0	0	0	0	0	0	0	0	0	0	0	0	0	0	0	0	10	11	0	0	0	0	0	0
fsh-generated/resources/Specimen-1bSpec-Specimen.json	191	2	0	0	0	0	0	0	0	0	0	0	0	0	0	0	0	0	0	0	12	11	0	0	0	0	0	0
fsh-generated/resources/StructureDefinition-ChElmPatientHIV.json	3038	4	0	301	0	0	0	0	0	122	0	0	0	0	0	0	0	4	0	0	392	889	0	0	0	17	1	1
fsh-generated/resources/StructureDefinition-ChElmPatientInitials.json	2033	3	0	73	0	0	0	0	1	45	0	0	1	0	0	0	0	3	0	0	338	732	0	0	0	12	0	2
fsh-generated/resources/StructureDefinition-ChElmPatientVCT.json	3335	4	0	64	1	0	0	0	0	42	0	0	0	0	0	0	0	4	0	0	375	888	0	0	0	18	0	2
fsh-generated/resources/StructureDefinition-FindDocumentReferencesResponse.json	1774	3	0	104	0	0	0	0	0	21	0	0	0	0	0	0	0	1	0	0	157	408	0	0	0	5	1	1
fsh-generated/resources/StructureDefinition-LaboratoryReport.json	38874	5	0	47	0	0	0	0	0	43	0	0	0	0	0	0	0	1	0	0	274	501	0	0	0	9	0	0
fsh-generated/resources/StructureDefinition-PublishDocumentReference.json	3795	4	0	575	0	0	0	0	0	28	0	0	1	0	0	0	0	2	0	0	149	1008	0	0	0	6	0	1
fsh-generated/resources/StructureDefinition-PublishDocumentReferenceResponse.json	3156	4	0	34	0	0	0	0	0	73	0	0	0	0	0	0	0	0	0	0	126	265	0	0	0	4	0	0
fsh-generated/resources/StructureDefinition-PublishDocumentReferenceStrict.json	1265	3	0	132	0	0	0	0	0	20	0	0	0	0	0	0	0	1	0	0	120	375	0	0	0	7	0	1
fsh-generated/resources/StructureDefinition-ch-elm-codeableconcept.json	1022	2	0	6	0	0	0	0	0	8	0	0	0	0	0	0	0	1	0	0	32	114	0	0	0	1	0	0
fsh-generated/resources/StructureDefinition-ch-elm-coding.json	811	3	0	6	0	0	0	0	0	8	0	0	0	0	0	0	0	0	0	0	41	109	0	0	0	1	0	0
fsh-generated/resources/StructureDefinition-ch-elm-composition-strict.json	2398	3	0	55	1	0	0	0	0	43	0	0	0	0	0	0	0	3	0	0	377	727	0	0	0	13	0	1
fsh-generated/resources/StructureDefinition-ch-elm-composition.json	6637	4	0	0	0	0	0	0	0	53	0	0	0	0	0	0	0	3	0	0	427	659	0	0	0	15	0	1
fsh-generated/resources/StructureDefinition-ch-elm-diagnosticreport.json	3992	3	0	11	0	0	0	0	0	19	0	0	0	0	0	0	0	1	0	0	119	197	0	0	0	4	1	1
fsh-generated/resources/StructureDefinition-ch-elm-document-strict.json	1417	3	0	178	0	0	0	0	0	55	0	0	1	0	0	0	0	6	0	0	750	811	0	0	0	27	0	2
fsh-generated/resources/StructureDefinition-ch-elm-document.json	6778	3	0	0	0	0	0	0	0	86	0	0	1	0	0	0	0	7	0	0	789	1001	0	0	0	29	1	3
fsh-generated/resources/StructureDefinition-ch-elm-ext-department.json	1572	3	0	5	0	0	0	0	0	10	0	0	0	0	0	0	0	0	0	0	37	90	0	0	0	1	0	0
fsh-generated/resources/StructureDefinition-ch-elm-ext-hiv-code.json	1921	3	0	5	0	0	0	0	0	10	0	0	0	0	0	0	0	0	0	0	34	91	0	0	0	1	0	0
fsh-generated/resources/StructureDefinition-ch-elm-ext-vct-code.json	1389	3	0	5	0	0	0	0	0	10	0	0	0	0	0	0	0	0	0	0	34	102	0	0	0	1	0	0
fsh-generated/resources/StructureDefinition-ch-elm-humanname.json	2099	3	0	8	0	0	0	0	0	26	0	0	0	0	0	0	0	1	0	0	73	169	0	0	0	2	0	0
fsh-generated/resources/StructureDefinition-ch-elm-idn-identifier.json	1213	3	0	5	0	0	0	0	0	11	0	0	0	0	0	0	0	0	0	0	40	122	0	0	0	1	0	0
fsh-generated/resources/StructureDefinition-ch-elm-observation-component-conc.json	2012	3	0	29	1	0	0	0	0	26	0	0	0	0	0	0	0	1	0	0	149	359	0	0	0	7	0	1
fsh-generated/resources/StructureDefinition-ch-elm-observation-pq-virl.json	1533	3	0	28	0	0	0	0	0	22	0	0	0	0	0	0	0	1	0	0	147	369	0	0	0	6	0	0
fsh-generated/resources/StructureDefinition-ch-elm-observation-results-laboratory-genotyping-strict.json	1333	4	0	62	0	0	0	0	0	33	0	0	0	0	0	0	0	2	0	0	255	937	0	0	0	10	1	1
fsh-generated/resources/StructureDefinition-ch-elm-observation-results-laboratory-genotyping.json	6705	3	0	0	0	0	0	0	0	38	0	0	0	0	0	0	0	2	0	0	279	2414	0	0	0	10	0	1
fsh-generated/resources/StructureDefinition-ch-elm-observation-results-laboratory-microbiolgy-strict.json	1348	2	0	46	0	0	0	0	0	33	0	0	1	0	0	0	0	3	0	0	256	1490	0	0	0	10	0	1
fsh-generated/resources/StructureDefinition-ch-elm-observation-results-laboratory-microbiology.json	6452	3	0	0	0	0	0	0	0	38	0	0	0	0	0	0	0	2	0	0	267	360	0	0	0	10	1	1
fsh-generated/resources/StructureDefinition-ch-elm-observation-results-laboratory-susceptibility-strict.json	1369	3	0	44	0	0	0	0	0	33	0	0	0	0	0	0	0	2	0	0	259	670	0	0	0	10	0	1
fsh-generated/resources/StructureDefinition-ch-elm-observation-results-laboratory-susceptibility.json	8476	3	0	0	0	0	0	0	0	32	0	0	0	0	0	0	0	2	0	0	285	396	0	0	0	10	0	1
fsh-generated/resources/StructureDefinition-ch-elm-observation-results-laboratory.json	14421	4	0	0	0	0	0	0	0	39	0	0	0	0	0	0	0	3	0	0	294	1348	0	0	0	12	1	1
fsh-generated/resources/StructureDefinition-ch-elm-observation-rto.json	2750	3	0	44	0	0	0	0	0	25	0	0	0	0	0	0	0	1	0	0	166	217	0	0	0	6	0	0
fsh-generated/resources/StructureDefinition-ch-elm-observation-txt.json	1184	3	0	30	0	0	0	0	0	19	0	0	1	0	0	0	0	1	0	0	123	205	0	0	0	5	0	1
fsh-generated/resources/StructureDefinition-ch-elm-organization-author.json	1524	3	0	9	1	0	0	0	0	16	0	0	0	0	0	0	0	1	0	0	102	186	0	0	0	3	0	0
fsh-generated/resources/StructureDefinition-ch-elm-organization-lab.json	1630	3	0	9	0	0	0	0	0	25	0	0	0	0	0	0	0	0	0	0	104	181	0	0	0	4	0	0
fsh-generated/resources/StructureDefinition-ch-elm-organization-orderer.json	3278	3	0	13	0	0	0	0	0	33	0	0	0	0	0	0	0	2	0	0	189	433	0	0	0	7	0	1
fsh-generated/resources/StructureDefinition-ch-elm-patient.json	6702	3	0	0	0	0	0	0	0	51	0	0	0	0	0	0	0	3	0	0	383	764	0	0	0	14	0	1
fsh-generated/resources/StructureDefinition-ch-elm-practitioner-orderer.json	6069	4	0	23	0	0	0	0	0	40	0	0	0	0	0	0	0	2	0	0	255	458	0	1	0	9	0	1
fsh-generated/resources/StructureDefinition-ch-elm-practitionerrole-orderer.json	3001	2	0	9	1	0	0	0	0	15	0	0	0	0	0	0	0	1	0	0	83	165	0	0	0	3	0	0
fsh-generated/resources/StructureDefinition-ch-elm-servicerequest-laboratory-order.json	3286	4	0	11	0	0	0	0	0	20	0	0	1	0	0	0	0	1	0	0	125	206	0	0	0	5	0	1
fsh-generated/resources/StructureDefinition-ch-elm-specimen.json	3052	3	0	10	0	0	0	0	0	20	0	0	0	0	0	0	0	1	0	0	123	188	0	0	0	4	0	0
fsh-generated/resources/StructureDefinition-ch-ext-elm-status.json	4070	3	0	7	0	0	0	0	1	19	0	0	0	0	0	0	0	0	0	0	73	91	0	0	0	2	0	0
fsh-generated/resources/TestScript-Test92-WarningBerUidGln.json	3766	3	0	0	0	0	0	0	0	551	0	0	0	0	0	0	0	0	0	0	22	14	0	0	0	0	0	0
fsh-generated/resources/TestScript-Test93-Error-FullName-Influenca.json	2255	3	0	0	0	0	0	0	0	9	0	0	0	0	0	0	0	0	0	0	18	12	0	0	0	1	0	0
fsh-generated/resources/TestScript-Test94-Ignore-Source-Warning.json	2208	3	0	0	0	0	1	0	0	8	0	0	0	0	0	0	0	0	0	0	18	11	0	0	0	0	0	0
fsh-generated/resources/TestScript-Test95-Ignore-Observation-Interpretation-Codes-Warning.json	2337	3	0	0	1	0	0	0	1	7	0	0	0	0	0	0	0	0	0	0	18	12	0	0	0	0	0	0
fsh-generated/resources/TestScript-Test96-Ignore-Slice-Patient-Eu-Lab-Information.json	2449	3	0	0	0	0	0	0	0	7	0	0	0	0	0	0	0	0	0	0	17	11	0	0	0	0	0	0
fsh-generated/resources/TestScript-Test97-CoaxiellaNoRatio.json	2142	3	0	0	0	0	0	0	0	7	0	0	0	0	0	0	0	0	0	0	18	12	0	0	0	0	0	0
fsh-generated/resources/TestScript-Test98-HivInvalidCode.json	2105	3	0	0	0	0	0	0	0	5	0	0	0	0	0	0	0	0	0	0	17	12	0	0	0	1	0	0
fsh-generated/resources/TestScript-Test99-CoaxiellaZeroDenominator.json	2185	3	0	0	0	0	0	0	0	6	0	0	0	0	0	0	0	0	0	0	18	11	0	0	0	0	0	0
fsh-generated/resources/ValueSet-ch-elm-lab-study-types.json	899	3	0	0	0	0	0	0	0	597	0	0	0	0	0	0	0	0	0	0	14	5390	0	0	0	0	0	0
fsh-generated/resources/ValueSet-ch-elm-results-coded-values-laboratory.json	780	2	0	0	0	0	0	0	1	261	0	0	0	0	0	0	0	0	0	0	14	385	0	0	0	1	0	0
fsh-generated/resources/ValueSet-ch-elm-status.json	731	3	0	0	0	0	0	0	0	7	0	0	0	0	0	0	0	0	0	0	15	123	0	0	0	0	0	0
input/resources/Binary-Test92-Bundle-WarningBerUidGln.json	12340	3	0	0	0	0	0	0	0	0	0	0	0	0	0	0	0	0	0	0	24	26	0	0	0	0	0	0
input/resources/Binary-Test93-DocumentReference-Error-FullName-Influenca.json	19264	3	0	0	0	0	0	0	0	0	0	0	0	0	0	0	0	0	0	0	32	19	0	0	0	0	0	0
input/resources/Binary-Test97-Bundle-CoaxiellaNoRatio.json	13687	3	0	0	0	0	0	0	0	0	0	0	0	0	0	0	0	0	0	0	25	13	0	0	0	0	0	0
input/resources/Binary-Test98-Bundle-HivInvalidCode.json	13921	3	0	0	0	0	0	0	0	0	0	0	0	0	0	0	0	0	0	0	28	15	0	0	0	0	0	0
input/resources/Binary-Test99-Bundle-CoaxiellaZeroDenominator.json	12068	3	0	0	0	0	0	0	0	1	0	0	0	0	0	0	0	0	0	0	23	15	0	0	0	0	0	0
input/resources/Bundle-10Doc-Legionella.xml	10073	37	4	0	0	0	0	0	0	0	0	0	0	0	0	0	0	0	0	0	20	607	0	0	0	0	0	0
input/resources/Bundle-11Doc-Malaria.xml	10061	27	3	0	0	0	0	0	1	0	0	0	0	0	0	0	0	1	0	0	18	298	0	0	0	0	0	0
input/resources/Bundle-12Doc-Monkeypox.xml	10179	19	2	0	1	0	0	0	0	0	0	0	0	0	0	0	0	0	0	0	18	547	0	0	0	0	0	0
input/resources/Bundle-13Doc-Shigella.xml	10066	16	3	0	0	0	0	0	1	0	0	0	0	0	0	0	0	0	0	0	18	549	0	0	0	0	0	0
input/resources/Bundle-14Doc-Neisseriameningitidis-confirmationtest.xml	10332	16	2	0	0	0	0	0	0	0	0	0	0	0	0	0	0	0	0	0	18	291	0	0	0	0	0	0
input/resources/Bundle-15Doc-Measles-Seroconversion.xml	10213	15	3	0	0	0	0	0	1	0	0	0	0	0	0	0	0	0	0	0	19	541	0	0	0	0	0	0
input/resources/Bundle-16Doc-Dengue-Titer.xml	10268	15	2	0	0	0	0	0	1	0	0	0	0	0	0	0	0	0	0	0	19	289	0	0	0	0	0	0
input/resources/Bundle-17Doc-Neisseria.xml	10405	13	3	0	0	0	0	0	0	0	0	0	0	0	0	0	0	0	0	0	19	558	0	0	0	0	0	0
input/resources/Bundle-18Doc-C-diphtheriae.xml	10529	12	2	0	0	0	0	0	1	0	0	0	0	0	0	0	0	0	0	0	19	281	0	0	0	0	0	0
input/resources/Bundle-19Doc-S-pneumoniae.xml	10054	15	3	0	0	0	0	0	0	0	0	0	0	0	0	0	0	0	0	0	19	292	0	0	0	0	0	0
input/resources/Bundle-20Doc-Vibrio-cholerae.xml	10482	13	2	0	0	0	0	0	1	0	0	0	0	0	0	0	0	1	0	0	18	283	0	0	0	0	0	0
input/resources/Bundle-21Doc-HepatiteE.xml	10476	13	3	0	0	0	0	0	1	0	0	0	0	0	0	0	0	0	0	0	18	289	0	0	0	0	0	0
input/resources/Bundle-22Doc-H-influenzae.xml	10055	12	3	0	0	0	0	0	0	0	0	0	0	0	0	0	0	0	0	0	18	292	0	0	0	0	0	0
input/resources/Bundle-23Doc-F-tularensis.xml	10025	12	2	0	0	0	0	0	1	0	0	0	0	0	0	0	0	0	0	0	19	595	0	0	0	0	0	0
input/resources/Bundle-24Doc-Chikungunya.xml	10318	12	3	0	1	0	0	0	0	0	0	0	0	0	0	0	0	0	0	0	19	291	0	0	0	0	0	0
input/resources/Bundle-25Doc-tick-borne-encephalitis.xml	10032	10	4	0	0	0	0	0	1	0	0	0	0	0	0	0	0	0	0	0	18	29	0	0	0	0	0	0
input/resources/Bundle-26Doc-HepatiteA.xml	10316	15	2	0	0	0	0	0	1	0	0	0	0	0	0	0	0	0	0	0	19	278	0	0	0	0	0	0
input/resources/Bundle-28Doc-Listeria-monocytogenes.xml	10329	17	3	0	0	0	0	0	0	0	0	0	0	0	0	0	0	0	0	0	19	279	0	0	0	0	0	0
input/resources/Bundle-29Doc-Rubella.xml	10237	14	3	0	0	0	0	0	1	0	0	0	0	0	0	0	0	0	0	0	19	279	0	0	0	0	0	0
input/resources/Bundle-30Doc-Salmonella-enteritidis.xml	10298	14	2	0	0	0	0	0	0	0	0	0	0	0	0	0	0	0	0	0	18	538	0	0	0	0	0	1
input/resources/Bundle-32Doc-Rubella-avidity.xml	10244	9	3	0	0	0	0	0	1	0	0	0	0	0	0	0	0	0	0	0	19	533	0	0	0	0	0	0
input/resources/Bundle-33Doc-Salmonella-valueString.xml	10148	9	2	0	0	0	0	0	1	0	0	0	0	0	0	0	0	0	0	0	18	288	0	0	0	0	0	0
input/resources/Bundle-34Doc-Brucella.xml	10051	8	2	0	0	0	0	0	0	0	0	0	0	0	0	0	0	0	0	0	18	296	0	0	0	0	0	0
input/resources/Bundle-35Doc-CJD.xml	10310	10	3	0	0	0	0	0	1	0	0	0	0	0	0	0	0	1	0	0	18	286	0	0	0	0	0	0
input/resources/Bundle-36Doc-Salmonella-paratyphi.xml	10293	9	2	0	0	0	0	0	1	0	0	0	0	0	0	0	0	0	0	0	19	281	0	0	0	0	0	0
input/resources/Bundle-37Doc-Zika.xml	10311	9	3	0	0	0	0	0	0	0	0	0	0	0	0	0	0	0	0	0	19	279	0	0	0	0	0	0
input/resources/Bundle-38Doc-Anthrax.xml	10314	8	2	0	0	0	0	0	1	0	0	0	0	0	0	0	0	0	0	0	22	293	0	0	0	0	0	0
input/resources/Bundle-39Doc-Botulims.xml	10315	8	3	0	0	0	0	0	0	0	0	0	0	0	0	0	0	0	0	0	20	279	0	0	0	0	0	0
input/resources/Bundle-3Doc-CPE.xml	10213	9	4	0	0	0	0	0	1	0	0	0	0	0	0	0	0	0	0	0	19	274	0	0	0	0	0	0
input/resources/Bundle-40Doc-Crimean-Congo.xml	10320	8	3	0	0	0	0	0	0	0	0	0	0	0	0	0	0	0	0	0	23	294	0	0	0	0	0	0
input/resources/Bundle-41Doc-Ebola.xml	10312	8	2	0	1	0	0	0	1	0	0	0	0	0	0	0	0	0	0	0	21	316	0	0	0	0	0	0
input/resources/Bundle-42Doc-Lassa.xml	10312	8	2	0	0	0	0	0	0	0	0	0	0	0	0	0	0	0	0	0	19	292	0	0	0	0	0	0
input/resources/Bundle-43Doc-Marburg.xml	10314	8	3	0	0	0	0	0	1	0	0	0	0	0	0	0	0	0	0	0	18	296	0	0	0	0	0	0
input/resources/Bundle-44Doc-Mers-CoV.xml	10315	9	2	0	0	0	0	0	0	0	0	0	0	0	0	0	0	0	0	0	19	316	0	0	0	0	0	0
input/resources/Bundle-45Doc-Sars-CoV.xml	10315	7	2	0	0	0	0	0	1	0	0	0	0	0	0	0	0	0	0	0	19	294	0	0	0	0	0	0
input/resources/Bundle-46Doc-Yersinia-pestis.xml	10322	10	3	0	0	0	0	0	1	0	0	0	0	0	0	0	0	0	0	0	18	293	0	0	0	0	0	0
input/resources/Bundle-47Doc-Variola.xml	10314	8	2	0	0	0	0	0	0	0	0	0	0	0	0	0	0	0	0	0	18	289	0	0	0	0	0	0
input/resources/Bundle-48Doc-Mpox-Clade.xml	10346	8	2	0	0	0	0	0	1	0	0	0	0	0	0	0	0	0	0	0	18	282	0	0	0	0	0	0
input/resources/Bundle-49Doc-HIV.xml	10387	8	3	0	0	0	0	0	0	0	0	0	0	0	0	0	0	0	0	0	19	292	0	0	0	0	0	0
input/resources/Bundle-50Doc-HIV-viremia.xml	10362	9	2	0	0	0	0	0	1	0	0	0	0	0	0	0	0	0	0	0	18	530	0	0	0	0	0	0
input/resources/Bundle-51Doc-Gelbfieber.xml	10317	8	2	0	0	0	0	0	0	0	0	0	0	0	0	0	0	0	0	0	20	282	0	0	0	0	0	0
input/resources/Bundle-52Doc-Hantavirus.xml	9876	7	3	0	0	0	0	0	1	0	0	0	0	0	0	0	0	0	0	0	18	541	0	0	0	0	0	0
input/resources/Bundle-53Doc-InfluenzaHxNy.xml	10287	8	2	0	0	0	0	0	0	0	0	0	0	0	0	0	0	0	0	0	18	552	0	0	0	0	0	0
input/resources/Bundle-54Doc-Poliomyelitis.xml	10320	8	3	0	0	0	0	0	1	0	0	0	0	0	0	0	0	0	0	0	18	290	0	0	0	0	0	0
input/resources/Bundle-55Doc-Tollwut.xml	10314	8	2	0	0	0	0	0	0	0	0	0	0	0	0	0	0	0	0	0	19	290	0	0	0	0	0	0
input/resources/Bundle-56Doc-Trichinella-spiralis.xml	9908	7	2	0	0	0	0	0	1	0	0	0	0	0	0	0	0	0	0	0	17	287	0	0	0	0	0	1
input/resources/Bundle-57Doc-West-Nile.xml	9861	8	2	0	1	0	0	0	1	0	0	0	0	0	0	0	0	0	0	0	18	534	0	0	0	0	0	0
input/resources/Bundle-58Doc-Coxiella.xml	10350	7	4	0	0	0	0	0	0	0	0	0	0	0	0	0	0	1	0	0	18	516	0	0	0	0	0	0
input/resources/Bundle-59Doc-EHEC.xml	10199	8	2	0	0	0	0	0	1	0	0	0	0	0	0	0	0	0	0	0	19	282	0	0	1	0	0	0
input/resources/Bundle-65Doc-Tuberculosis.xml	10157	10	2	0	0	0	0	0	0	0	0	0	0	0	0	0	0	0	0	0	19	533	0	0	0	0	0	0
input/resources/Bundle-8Doc-HepatiteB.xml	9957	8	2	0	0	0	0	0	1	0	0	0	0	0	0	0	0	0	0	0	18	285	0	0	0	0	0	0
input/resources/Bundle-9Doc-HepatiteC.xml	10316	6	3	0	0	0	0	0	0	0	0	0	0	0	0	0	0	0	0	0	18	296	0	0	0	0	0	0
input/resources/CapabilityStatement-IHE.MHD.DocumentRecipient.Simplified.json	2393	3	0	0	0	0	0	0	0	16	0	0	0	0	0	0	0	0	0	0	22	30	0	0	0	0	0	0
input/resources/CodeSystem-ch-elm-foph-business-rules.json	4958	3	0	0	0	0	0	0	1	8	0	0	0	0	0	0	0	0	0	0	24	127	0	0	0	1	0	0
input/resources/CodeSystem-ch-elm-foph-patient-name-representation.json	1969	3	0	0	0	0	0	0	0	5	0	0	0	0	0	0	0	0	0	0	17	110	0	0	0	1	0	0
input/resources/CodeSystem-ch-elm-interpretation-codes-vs.json	1529	3	0	0	0	0	0	0	0	6	0	0	0	0	0	0	0	0	0	0	16	102	0	0	0	0	0	0
input/resources/CodeSystem-ch-elm-observation-profile-vs.json	1499	2	0	0	0	0	0	0	0	6	0	0	0	0	0	0	0	0	0	0	16	97	0	0	0	0	0	0
input/resources/CodeSystem-ch-elm-results-completion-vs.json	4368	4	0	0	0	0	0	0	0	8	0	0	0	0	0	0	0	0	0	0	27	112	0	0	0	1	0	0
input/resources/CodeSystem-ch-elm-results-component-vs.json	1084	2	0	0	1	0	0	0	0	5	0	0	0	0	0	0	0	0	0	0	16	104	0	0	0	1	0	0
input/resources/ConceptMap-ch-elm-expecting-organism-specification-to-results-completion-vs.json	19740	4	0	0	0	0	0	0	1	20	0	0	0	0	0	0	0	0	0	0	46	51	0	0	0	1	0	0
input/resources/ConceptMap-ch-elm-expecting-specimen-specification-to-results-completion-vs.json	7093	3	0	0	0	0	0	0	1	9	0	0	0	0	0	0	0	0	0	0	25	34	0	0	0	1	0	0
input/resources/ConceptMap-ch-elm-results-geno-to-component-code.json	1479	3	0	0	0	0	0	0	0	5	0	0	0	0	0	0	0	0	0	0	16	28	0	0	0	1	0	0
input/resources/ConceptMap-ch-elm-results-geno-to-component-interpretation-code.json	1429	3	0	0	0	0	0	0	0	6	0	0	0	0	0	0	0	0	0	0	15	25	0	0	0	0	0	0
input/resources/ConceptMap-ch-elm-results-susc-to-component-code.json	1496	3	0	0	0	0	0	0	0	5	0	0	0	0	0	0	0	0	0	0	16	26	0	0	0	0	0	0
input/resources/ConceptMap-ch-elm-results-susc-to-component-interpretation-code.json	1427	2	0	0	0	0	0	0	0	6	0	0	0	0	0	0	0	0	0	0	14	25	0	0	0	0	0	0
input/resources/ConceptMap-ch-elm-results-susc-to-component-observation-profile.json	1434	3	0	0	0	0	0	0	0	5	0	0	0	0	0	0	0	0	0	0	15	26	0	0	0	1	0	0
input/resources/ConceptMap-ch-elm-results-to-foph-patient-name-representation.json	113465	8	0	0	0	0	0	0	6	55	0	0	0	0	0	0	0	0	0	0	200	150	0	0	0	7	0	1
input/resources/ConceptMap-ch-elm-results-to-interpretation-code.json	134360	8	0	0	0	0	0	0	6	65	0	0	0	0	0	0	0	1	0	0	249	150	0	0	0	8	0	0
input/resources/ConceptMap-ch-elm-results-to-observation-profile.json	2365	3	0	0	1	0	0	0	0	7	0	0	0	0	0	0	0	0	0	0	16	27	0	0	0	0	0	0
input/resources/ValueSet-ch-elm-expecting-organism-specification.json	8954	3	0	0	0	0	0	0	1	2442	0	0	0	0	0	0	0	0	0	0	46	538	0	0	0	1	0	0
input/resources/ValueSet-ch-elm-expecting-specimen-specification.json	3321	3	0	0	0	0	0	0	0	237	0	0	0	0	0	0	0	0	0	0	24	389	0	0	0	1	0	0
input/resources/ValueSet-ch-elm-foph-patient-name-representation.json	1174	3	0	0	0	0	0	0	0	6	0	0	0	0	0	0	0	0	0	0	15	107	0	0	0	0	0	0
input/resources/ValueSet-ch-elm-interpretation-codes-avidity.json	909	2	0	0	0	0	0	0	0	229	0	0	0	0	0	0	0	0	0	0	14	365	0	0	0	0	0	0
input/resources/ValueSet-ch-elm-interpretation-codes-pos-neg.json	831	3	0	0	0	0	0	0	0	14	0	0	0	0	0	0	0	0	0	0	15	94	0	0	0	0	0	0
input/resources/ValueSet-ch-elm-interpretation-codes-pos.json	704	3	0	0	0	0	0	0	0	6	0	0	0	0	0	0	0	0	0	0	14	93	0	0	0	0	0	0
input/resources/ValueSet-ch-elm-interpretation-codes-res-sus.json	839	3	0	0	0	0	0	0	1	7	0	0	0	0	0	0	0	0	0	0	16	91	0	0	0	1	0	0
input/resources/ValueSet-ch-elm-interpretation-codes-res.json	708	3	0	0	0	0	0	0	0	6	0	0	0	0	0	0	0	0	0	0	14	93	0	0	0	0	0	0
input/resources/ValueSet-ch-elm-interpretation-codes-sero.json	678	2	0	0	0	0	0	0	0	250	0	0	0	0	0	0	0	0	0	0	14	341	0	0	0	0	0	0
input/resources/ValueSet-ch-elm-interpretation-codes-titer.json	715	3	0	0	0	0	0	0	0	6	0	0	0	0	0	0	0	0	0	0	13	86	0	0	0	0	0	0
input/resources/ValueSet-ch-elm-interpretation-codes-vs.json	1475	3	0	0	0	0	0	0	0	6	0	0	0	0	0	0	0	0	0	0	16	93	0	0	0	0	0	0
input/resources/ValueSet-ch-elm-observation-profile-vs.json	1532	3	0	0	0	0	0	0	0	6	0	0	0	0	0	0	0	0	0	0	16	94	0	0	0	1	0	0
input/resources/ValueSet-ch-elm-results-bot-org.json	723	2	0	0	0	0	0	0	0	5	0	0	0	0	0	0	0	0	0	0	13	85	0	0	0	0	0	0
input/resources/ValueSet-ch-elm-results-bot-spec.json	726	3	0	0	1	0	0	0	0	5	0	0	0	0	0	0	0	0	0	0	14	83	0	0	0	0	0	0
input/resources/ValueSet-ch-elm-results-bru-org.json	1431	3	0	0	0	0	0	0	0	242	0	0	0	0	0	0	0	0	0	0	16	347	0	0	0	0	0	0
input/resources/ValueSet-ch-elm-results-camp-diar-org.json	1641	5	0	0	0	0	0	0	0	240	0	0	0	0	0	0	0	0	0	0	16	357	0	0	0	0	0	0
input/resources/ValueSet-ch-elm-results-camp-org.json	2448	6	0	0	0	0	0	0	0	245	0	0	0	0	0	0	0	0	0	0	17	386	0	0	0	0	0	0
input/resources/ValueSet-ch-elm-results-chol-org.json	2417	4	0	0	0	0	0	0	1	242	0	0	0	0	0	0	0	0	0	0	16	363	0	0	0	1	0	0
input/resources/ValueSet-ch-elm-results-cjd-org.json	1631	3	0	0	0	0	0	0	0	234	0	0	0	0	0	0	0	0	0	0	16	345	0	0	0	0	0	0
input/resources/ValueSet-ch-elm-results-complete-spec.json	9324	3	0	0	0	0	0	0	0	324	0	0	0	0	0	0	0	0	0	0	29	510	0	0	0	0	0	0
input/resources/ValueSet-ch-elm-results-completion-vs.json	4923	3	0	0	0	0	0	0	1	9	0	0	0	0	0	0	0	0	0	0	28	153	0	0	0	1	0	0
input/resources/ValueSet-ch-elm-results-component-antibiotic-cpe.json	493	2	0	0	0	0	0	0	0	6	0	0	0	0	0	0	0	0	0	0	14	84	0	0	0	0	0	0
input/resources/ValueSet-ch-elm-results-component-antibiotic-tb.json	1366	3	0	0	0	0	0	0	0	237	0	0	0	0	0	0	0	0	0	0	14	349	0	0	0	0	0	0
input/resources/ValueSet-ch-elm-results-component-gene-cpe.json	456	3	0	0	0	0	0	0	0	6	0	0	0	0	0	0	0	0	0	0	15	84	0	0	0	0	0	0
input/resources/ValueSet-ch-elm-results-component-gene-tb.json	1456	3	0	0	1	0	0	0	0	248	0	0	0	0	0	0	0	0	0	0	15	353	0	0	0	0	0	0
input/resources/ValueSet-ch-elm-results-component-vs.json	1097	3	0	0	0	0	0	0	0	5	0	0	0	0	0	0	0	0	0	0	16	91	0	0	0	1	0	0
input/resources/ValueSet-ch-elm-results-diph-org.json	1923	3	0	0	0	0	0	0	0	245	0	0	0	0	0	0	0	0	0	0	15	362	0	0	0	0	0	0
input/resources/ValueSet-ch-elm-results-diph-spec.json	732	3	0	0	0	0	0	0	0	5	0	0	0	0	0	0	0	0	0	0	13	85	0	0	0	0	0	0
input/resources/ValueSet-ch-elm-results-ebol-org.json	729	2	0	0	0	0	0	0	0	5	0	0	0	0	0	0	0	0	0	0	14	81	0	0	0	0	0	0
input/resources/ValueSet-ch-elm-results-ehec-org.json	729	3	0	0	0	0	0	0	0	5	0	0	0	0	0	0	0	0	0	0	13	82	0	0	0	0	0	0
input/resources/ValueSet-ch-elm-results-ehec-tox-org.json	752	3	0	0	0	0	0	0	0	5	0	0	0	0	0	0	0	0	0	0	13	83	0	0	0	0	0	0
input/resources/ValueSet-ch-elm-results-geni-spec.json	2063	3	0	0	0	0	0	0	1	247	0	0	0	0	0	0	0	0	0	0	15	361	0	0	0	1	0	0
input/resources/ValueSet-ch-elm-results-haem-org.json	1887	3	0	0	0	0	0	0	0	253	0	0	0	0	0	0	0	0	0	0	15	354	0	0	0	0	0	0
input/resources/ValueSet-ch-elm-results-hanta-org.json	1667	3	0	0	0	0	0	0	0	249	0	0	0	0	0	0	0	0	0	0	15	357	0	0	0	0	0	0
input/resources/ValueSet-ch-elm-results-hiv-org.json	723	3	0	0	0	0	0	0	0	5	0	0	0	0	0	0	0	0	0	0	14	83	0	0	0	0	0	0
input/resources/ValueSet-ch-elm-results-inf-org.json	723	2	0	0	1	0	0	0	0	5	0	0	0	0	0	0	0	0	0	0	12	80	0	0	0	0	0	0
input/resources/ValueSet-ch-elm-results-influenza-hxny-org.json	1699	3	0	0	0	0	0	0	0	259	0	0	0	0	0	0	0	0	0	0	16	343	0	0	0	0	0	0
input/resources/ValueSet-ch-elm-results-laboratory-observation-complete.json	60396	5	0	0	0	0	0	0	3	1031	0	0	0	0	0	0	0	0	0	0	127	1375	0	0	0	5	0	1
input/resources/ValueSet-ch-elm-results-laboratory-observation-geno.json	782	2	0	0	0	0	0	0	0	237	0	0	0	0	0	0	0	0	0	0	15	343	0	0	0	0	0	0
input/resources/ValueSet-ch-elm-results-laboratory-observation-susc.json	784	3	0	0	0	0	0	1	0	242	0	0	0	0	0	0	0	0	0	0	15	344	0	0	0	1	0	0
input/resources/ValueSet-ch-elm-results-laboratory-observation.json	59987	4	0	0	0	0	0	0	3	857	0	0	0	0	0	0	0	0	0	0	346	1391	0	0	0	10	0	0
input/resources/ValueSet-ch-elm-results-leg-org.json	3255	3	0	0	0	0	0	0	1	262	0	0	0	0	0	0	0	0	0	0	19	378	0	0	0	0	0	0
input/resources/ValueSet-ch-elm-results-lis-org.json	2772	3	0	0	0	0	0	0	0	245	0	0	0	0	0	0	0	0	0	0	17	379	0	0	0	0	0	0
input/resources/ValueSet-ch-elm-results-mal-org.json	1688	3	0	0	0	0	0	0	0	242	0	0	0	0	0	0	0	0	0	0	15	372	0	0	0	1	0	0
input/resources/ValueSet-ch-elm-results-maldi-tof-org.json	1129	3	0	0	0	0	0	0	0	250	0	0	0	0	0	0	0	0	0	0	14	362	0	0	0	0	0	0
input/resources/ValueSet-ch-elm-results-mea-org.json	1347	3	0	0	0	0	0	0	0	235	0	0	0	0	0	0	0	0	0	0	15	364	0	0	0	0	0	0
input/resources/ValueSet-ch-elm-results-men-org.json	985	2	0	0	1	0	0	0	0	230	0	0	0	0	0	0	0	0	0	0	13	348	0	0	0	0	0	0
input/resources/ValueSet-ch-elm-results-mpox-org.json	1327	3	0	0	0	0	0	0	0	236	0	0	0	0	0	0	0	0	0	0	15	348	0	0	0	0	0	0
input/resources/ValueSet-ch-elm-results-mpx-ctng.json	729	3	0	0	0	0	0	0	0	6	0	0	0	0	0	0	0	0	0	0	13	98	0	0	0	0	0	0
input/resources/ValueSet-ch-elm-results-mpx-sash.json	729	3	0	0	0	0	0	0	0	4	0	0	0	0	0	0	0	0	0	0	13	84	0	0	0	1	0	0
input/resources/ValueSet-ch-elm-results-mpx-sashec.json	741	4	0	0	0	0	0	0	0	5	0	0	0	0	0	0	0	0	0	0	13	87	0	0	0	0	0	0
input/resources/ValueSet-ch-elm-results-pneu-org.json	992	3	0	0	0	0	0	0	1	254	0	0	0	0	0	0	0	0	0	0	14	360	0	0	0	0	0	0
input/resources/ValueSet-ch-elm-results-sal-org-complete.json	327454	12	0	0	0	0	0	0	21	11275	0	0	0	0	0	0	0	2	0	0	615	3334	0	0	0	44	0	2
input/resources/ValueSet-ch-elm-results-sal-org.json	2047	3	0	0	0	0	0	0	0	339	0	0	0	0	0	0	0	0	0	0	17	358	0	0	0	1	0	0
input/resources/ValueSet-ch-elm-results-shi-org.json	1689	3	0	0	0	0	0	0	0	261	0	0	0	0	0	0	0	0	0	0	15	362	0	0	0	0	0	0
input/resources/ValueSet-ch-elm-results-sterile-spec.json	2580	3	0	0	0	0	0	0	0	252	0	0	0	0	0	0	0	0	0	0	17	368	0	0	0	0	0	0
input/resources/ValueSet-ch-elm-results-tub-gen-org.json	746	3	0	0	1	0	0	0	0	5	0	0	0	0	0	0	0	0	0	0	13	81	0	0	0	0	0	0
input/resources/ValueSet-ch-elm-results-tub-org.json	1742	2	0	0	0	0	0	0	0	250	0	0	0	0	0	0	0	0	0	0	15	357	0	0	0	1	0	0
input/resources/ValueSet-ch-elm-results-tub-spec.json	726	3	0	0	0	0	0	0	0	5	0	0	0	0	0	0	0	0	0	0	15	84	0	0	0	0	0	0
input/resources/ValueSet-ch-elm-results-tul-org.json	1413	3	0	0	0	0	0	0	0	247	0	0	0	0	0	0	0	0	0	0	17	362	0	0	0	0	0	0
input/resources/ValueSet-ch-elm-results-virus-cult-org.json	1484	3	0	0	0	0	0	0	1	258	0	0	0	0	0	0	0	0	0	0	14	364	0	0	0	0	0	0
